x1,x2,output
-63.380518609343596,12.3000001586516,-1
-50.34638860683778,-84.98002461683387,-1
-86.1926685883156,67.4400024264269,1
-97.5925823283023,-26.980554803164452,-1
18.043952486523082,-28.72904594886903,-1
-68.48707167878433,31.32565699562386,-1
-26.114850245173187,34.59031384238682,1
-34.2295633823999,58.717422622164094,1
-55.699179669022044,54.282909389694396,1
77.45601687726699,96.49105777184116,1
-99.5486181969135,92.44418544153834,1
-91.58874422155749,90.21656457595398,1
34.2574803603936,39.219563069117186,1
95.22900289964971,87.28680127415726,1
38.156164369284596,-67.77951853643798,-1
26.59615975881748,73.10450557172709,1
11.418899209284362,93.00654704848114,1
48.512752377116726,90.67481476999365,1
4.573840287997228,-84.36820713572276,-1
51.40459094905415,-79.56641923152992,-1
3.2290907743045807,-65.32461461187415,-1
-76.22922291971166,27.510639859078296,-1
-39.83434684105374,-14.01990175018797,-1
-36.00238165044971,38.75855356138385,1
-5.266748195543201,71.33906801009539,1
31.412155732792485,67.05407843797383,1
76.85227839851694,-17.866868954194132,1
-16.16098025648047,38.340410974362555,1
60.39035489406328,-93.23827062691072,-1
-27.75210843104658,-85.04723131719851,-1
-96.88450747400704,-6.781127921663725,-1
-45.72619177390482,73.0467330416125,1
95.73891940604457,-62.921211337832574,-1
2.8549647004489884,17.73851492973482,1
-53.20349369756248,5.852226482375443,-1
-84.17766204830686,53.26681324723137,1
29.300927153732772,82.05663905316177,1
-46.54058068161331,27.913754023275672,1
48.5991651226463,-59.552257831471664,-1
44.40524972764092,-34.285021221675564,-1
81.89569750776255,25.41367097771368,1
27.975125953827003,-91.05172708858858,-1
59.65742096632343,-39.013659208047955,-1
-74.55945703198236,-34.99149015228447,-1
-6.054367925731839,79.10835526730358,1
9.319171659348541,71.72115217325558,1
67.17889205532853,80.33303758472786,1
-61.397479656323654,26.302212027245815,-1
23.300157702495497,-2.0574809767119433,1
72.75285561525988,39.532514429525435,1
55.20367154551377,39.058665750217244,1
-44.82440828938672,-11.877548248148216,-1
-90.6484124900707,-19.560257214531603,-1
75.88262691665531,68.08155402628765,1
-28.686036641672246,21.148011588460378,1
-12.060045099292509,-3.9578507229180104,-1
-21.58108690796861,85.2716961894844,1
40.179648680601844,-5.533551411973974,1
90.43172939972803,73.66431408904924,1
13.974030048979841,66.75579876469942,1
-23.461223696654088,94.54451042644234,1
1.5917183945908704,-43.28602126752985,-1
97.00893672048244,-87.4824422411134,-1
59.81717615533799,1.8793479512487608,1
32.015522346094315,-51.882963426159925,-1
-63.09252963345897,6.67010472812845,-1
88.47907818333832,87.55465788915151,1
15.386264638889017,-65.41710845496326,-1
-90.6598172548811,15.91588981873295,-1
-84.9789343644773,-63.91643656731863,-1
50.90483753643264,-79.99347591259658,-1
70.94939420834874,84.25070235645615,1
30.312784515380514,-92.25277143895806,-1
-0.809102046952944,-68.05000839167195,-1
77.97898229628407,-20.66112243557052,1
49.964869693060876,-23.744225510557683,1
-34.456336640321595,-50.33552997396522,-1
-71.21520983126457,-57.78377404733348,-1
-48.192221208903405,23.65836267153287,-1
81.09097437354222,-11.479644027777482,1
16.025900873227755,12.973212517214634,1
26.5869675055647,-73.98978589337837,-1
50.54966399105564,-94.27853592557945,-1
-73.90034156872949,-51.23119449635165,-1
-21.4280928268805,35.1937318001882,1
94.582359915892,-37.28771907089141,1
-32.055921222241054,-91.36575346558121,-1
72.74621016861872,54.58432987551393,1
4.78464815826554,-82.06843377410217,-1
-55.995636605795276,36.29701960334435,1
-46.65518556667192,-98.9283987891592,-1
1.1524629000576994,-26.128357889670724,-1
-5.758844507878365,35.48653303259144,1
68.14261628414303,-84.77075119025102,-1
42.41007859662079,-32.038860218590386,-1
46.27932614885344,46.98466198907485,1
-53.6341519929959,75.11105234784816,1
14.379121287401261,-82.64741912707854,-1
66.34353408136687,-64.38719583014233,-1
96.52304047024606,-12.200180940348687,1
-20.599809744325185,18.015710838018407,1
65.76072901873638,-98.3106810341663,-1
-52.29943359699123,60.284855615790065,1
58.52087173191853,22.596821807956275,1
-34.66568466842968,77.46759845439155,1
-64.27420007366925,-74.17764571350287,-1
26.21152002370242,79.10255327831158,1
75.22607790912335,65.8790051611087,1
-23.985792573408673,-28.945329650020483,-1
-87.92487204215735,-88.6321336109098,-1
-30.367154392681186,-35.361239900292205,-1
25.127589961131974,85.25378971249327,1
-58.46142316878977,74.59817933204752,1
-75.68036388692838,13.676946564156765,-1
-9.683614874270276,36.366826427076546,1
63.588909430692894,95.60889265073646,1
6.624583641485302,83.0261045225179,1
-43.3806527843539,-44.39524388584506,-1
75.55809125592822,-42.42840752386721,-1
96.13369664772648,-4.93344843411721,1
-93.94348329755302,26.46776384956506,-1
47.941289549818606,49.91822543033342,1
63.68934602888589,-24.642079976581016,1
59.075629279042374,-43.20284469431152,-1
95.09935833641691,-41.52930435276365,1
47.824526996139014,72.09679497079557,1
-53.17522939369106,-36.31966685237076,-1
55.46473315797627,-79.56339274361615,-1
-94.91749326101598,-62.33539549663307,-1
92.54781835216411,28.620499597145,1
-26.481677636467893,-11.282325458218367,-1
-25.13176596933151,42.70657738634259,1
-2.186552603471867,-70.50088767201098,-1
13.147619873371653,-48.193943189100885,-1
7.968496501788962,-89.08510938778599,-1
65.80719262081584,-50.19609007987715,-1
84.28993096568885,-3.6228780252533,1
-78.16233350703634,-45.131851498117385,-1
14.716546548992056,-95.44462829967901,-1
-58.45293325425707,-9.525184315554043,-1
-24.963452668554112,54.39185796313589,1
36.892542579371224,-28.277945015714394,-1
-61.76864696287585,61.228161233403455,1
-67.20172434250713,57.912142711381335,1
72.41061880901327,60.48714284350544,1
-42.183235105530194,4.368132060208765,-1
-23.876788881975884,-12.763326938532444,-1
20.53510481337149,4.85861841733643,1
43.266631060503585,83.11036776237503,1
-93.44476560005039,23.75260801687631,-1
41.35699354018186,-21.272976543031092,-1
99.54525482417068,-59.11942976423714,-1
-73.31166185832046,-70.13374656024547,-1
-35.59035766375143,-46.369997961207886,-1
31.311576908261685,42.196144392163006,1
-4.910027314880921,96.55968917433339,1
49.69633105590097,-46.83929155736246,-1
3.77591238462756,86.91338250222606,1
-47.41963838295737,3.159251939637059,-1
18.620039177845314,-72.41854586236627,-1
66.07324412449296,-95.03677914289281,-1
-49.13744593973579,-43.544223232056645,-1
-24.777516037601345,-71.91524558481264,-1
-42.33196771480871,37.6358525467345,1
-74.6424068886381,-28.36992832636828,-1
-3.3732606715619795,-30.052376121076804,-1
92.19230513749014,52.32592675003616,1
37.907013847613825,65.20689523349336,1
42.69997090677762,44.90330380687374,1
-6.993006696769072,-90.13806844284665,-1
-66.0064563757746,-38.08285812835748,-1
-77.07978346330513,-80.70712133566332,-1
83.67980120195361,12.182674269330619,1
43.02770450819179,-15.536372505662712,1
-14.486527966153943,22.481270810784466,1
33.110786644505225,-65.75083298586773,-1
-55.75630705075201,53.08411225125636,1
-1.4399116447720672,-20.13986420650575,-1
42.48314692314955,-95.33005398495094,-1
-94.36561907793855,87.02334795510467,1
71.69760784061853,31.522267683399093,1
87.39309496635644,9.476516669420889,1
-21.46012862451498,-96.01380452801416,-1
-73.59597562089274,-65.87035004966498,-1
7.716142816491114,81.65795854538544,1
-27.43768327068888,89.02433132617222,1
62.55111684284404,-21.240226904487585,1
-87.61484618108855,8.6638154662987,-1
32.02856233321353,-55.49563552169878,-1
42.33533607065135,62.52058074514139,1
-93.83486526232016,-45.247912371418344,-1
88.47173808995203,29.682539092690973,1
79.15443275889632,51.286608559260884,1
-79.09419645432618,7.960183603984433,-1
2.091092066145279,78.64575395422278,1
-18.792601173049732,20.655529944216596,1
-80.16877591326805,-41.95809641486963,-1
57.80432977438977,-63.92048831504808,-1
-54.360367823987055,-66.6988690939423,-1
31.975281278199276,59.71363015495044,1
0.45147535539760497,-52.42872900468094,-1
-82.03219222724478,66.12634414412042,1
89.40632019438033,-38.850485094795026,1
-29.640195736861102,-43.97357572615326,-1
68.61917948327155,-87.52215460748553,-1
75.18948072535642,26.050097598325152,1
-82.44933326395703,-10.043237342629311,-1
-33.107032684529855,-84.8750660284804,-1
-60.81203435237046,70.47979065665862,1
22.914614221809998,96.39987071768161,1
-42.338156997923406,-26.249660338386803,-1
-94.44562138018675,-75.11158852555717,-1
-13.719552084964803,85.91883221390643,1
41.37056541380494,-83.63839331617257,-1
-79.27543906938143,55.200574846910825,1
-9.872569251028864,96.86395964717923,1
66.40674654672983,32.30613334491716,1
-13.186996128844086,-72.11622688524864,-1
95.42401885302195,-22.355973302930465,1
22.438953235097287,-86.76595013017099,-1
9.956056860275993,-15.160533410764359,-1
-83.58816950964483,18.909000417431244,-1
56.9972171069393,87.83843544251559,1
-93.90626882375179,-57.42180284794933,-1
-15.055879233142818,44.260794781694784,1
50.19674129797096,-34.09706038607676,-1
91.75247754909827,95.57625079363808,1
44.84956445865069,12.883449619572218,1
45.49655405297966,-75.52438426497194,-1
-27.447477598589273,-85.54348322440602,-1
-84.6927394086829,-84.89503438391294,-1
91.35353563610161,-89.87667936428659,-1
57.750517165212926,-59.25119041467328,-1
-78.91128990063075,26.59432720655441,-1
21.96707319029126,-99.74383484106914,-1
91.93205349721063,-63.484136328350885,-1
-21.119443831618838,-91.08377411937327,-1
-12.750477727340808,44.61757227903837,1
-10.55780844840784,4.582203563111079,-1
-3.7058994183436056,90.68831320644537,1
-26.038430197742485,79.27350835249248,1
87.55965944901092,54.192553434547534,1
-58.80423060003726,-79.4541221980867,-1
62.14324560789416,89.57389770953964,1
-84.18296699666614,76.98051822062405,1
-82.09430758332519,-14.096057870307789,-1
94.92541283086183,8.726113557660995,1
-95.69368434807994,65.82134706283526,1
35.357063185800484,87.96426395066464,1
-30.537512424870286,16.36130163899385,1
-13.17927977239978,-87.22962916406492,-1
-20.04508200899531,-72.99574784592984,-1
88.18543150566876,37.02319888585373,1
4.9847894206559715,-67.95972863178837,-1
-1.1915228932321185,39.05485874965456,1
27.41124835253639,61.342327613334504,1
24.819324550215356,-38.92135641999586,-1
-70.84162699366291,34.524105226841016,-1
98.9491088298808,-28.18457476524705,1
-94.81275252227294,55.821990486205664,1
-16.667514653987098,-38.38707982824059,-1
-91.70062546805067,48.02146046807144,1
-63.28271540155117,89.14839602939006,1
0.12265886783215763,-42.18925024886342,-1
-7.552670016888953,-98.05369427289412,-1
-51.811662859410326,-75.22639877859288,-1
25.082834710633378,47.08681351581109,1
80.86831544665637,56.74718346610632,1
-77.24958084188394,34.122761667556546,-1
-4.810919570119083,91.50465905286924,1
-37.22971171475133,2.0871155246715745,-1
-6.694219536967466,-75.81245018048921,-1
59.35095834029872,-73.68783061012385,-1
-13.060644904697142,-82.41356564725069,-1
-77.14212597955276,-86.9339861471668,-1
-4.79392856991538,79.21802976105883,1
68.22801840243943,-54.12573240663725,-1
38.130396325251695,52.735854723697116,1
96.55042402956607,-53.57701110608326,-1
-7.286144930853865,-35.01248394409184,-1
96.5254957868105,-26.778705627938336,1
-84.20143325920779,-29.64687666866277,-1
28.880378869002897,-24.12833335244669,-1
-50.49392923565135,-38.39091753668305,-1
79.28112121900148,82.29315340448889,1
-14.456644632602945,-39.23325035666403,-1
90.46626182811968,-98.62222161839094,-1
90.06812258861507,-36.43976119410024,1
51.73890600200656,0.912353562687457,1
-14.632807862200536,-13.619126723017658,-1
-15.561925555767402,35.85942497556937,1
-26.244765228320645,94.04993315870723,1
-37.956530734910054,64.97566409117746,1
-42.92346523609889,-76.88481855074352,-1
93.51774340176874,98.73625613593339,1
-74.86320758554396,46.53648574358468,1
-72.90574606513174,-24.730693554176185,-1
-40.89329447691523,65.52589646624577,1
-78.44440854484904,-87.43102914160102,-1
94.29962266440106,-11.057431883418033,1
-74.49751807870841,-72.9472763755631,-1
-46.12965323903042,-61.60600856717737,-1
-34.03509815349676,43.75383114456798,1
-69.56400572903974,-97.24971874581047,-1
60.45706600590415,-34.750757919031955,-1
83.25005901294236,71.61668041514659,1
64.56188270974889,-64.23666730360722,-1
39.43194808617096,-2.8876936825108004,1
-97.00680057883338,-23.916333520415293,-1
9.422469679358471,86.08361037872538,1
-30.09327758756379,-86.6899943694366,-1
43.84149622555128,4.204731994368387,1
66.6808412623067,19.29681374433791,1
96.81795579005365,-52.32204984948701,-1
-24.129873360522453,-51.55333884200315,-1
-59.65205783360623,-94.54046124395441,-1
75.93037884313296,0.12268540172219389,1
67.90279507122884,-31.2312883906461,1
63.47161079687075,37.856861183300026,1
-61.083914151881615,62.303734301531875,1
80.1070037432558,-31.52669285706469,1
48.130258567714066,-73.10115525928373,-1
84.12276262252263,29.012773180982492,1
-19.912778823136293,65.23778474812033,1
-9.560192945673322,18.073294500188823,1
-6.680473074194325,56.67653033996686,1
-26.935423488748,-35.79968713667223,-1
87.85648820147418,-67.08546366940746,-1
63.93309413973776,70.76462150340816,1
27.393284664212715,31.735259119983283,1
-74.2915222746908,-25.32286873383596,-1
91.8690952356863,59.495157799540976,1
-61.357269479169354,95.49414032185322,1
73.9952332475155,97.80633964272735,1
-91.84930005884144,23.418481515390837,-1
-17.67386091103205,-83.03401454133632,-1
92.29478727652858,-30.9408933541265,1
11.30566393899899,97.28897646967093,1
-2.285473364400815,58.739980441565024,1
18.461455054822636,-12.867839149295833,-1
-91.12953956373968,11.350625340334346,-1
27.80773737421545,-30.187834443291678,-1
27.219242006193213,-22.154849092058342,-1
63.99175154061999,-43.26526176150958,-1
-3.457688873210344,-53.92248419957441,-1
68.48345458055766,-5.207784198125623,1
57.76396512627372,-7.874325122608909,1
79.7255205265254,67.46198860707014,1
-97.71294700532162,45.10310239632517,-1
44.050918868033875,-33.47724291034322,-1
91.43411660894648,-34.15351116712873,1
-27.637012212709976,-10.53848030636533,-1
5.502633866786184,-86.00536053159942,-1
42.46570227646441,31.853940144996642,1
55.42240064630684,-46.57067243201203,-1
-45.61959671540852,90.7497858689058,1
71.9508986797679,1.0625751973970097,1
79.4349406424453,68.63940686741782,1
-66.26232147554,-65.32279301971775,-1
-10.984413622618334,85.06472207228015,1
-94.98270389391091,-34.63687684555687,-1
-51.14851555515658,-90.28709543255265,-1
35.73919462276493,65.38683910069963,1
37.38068558519575,3.6721376698208417,1
-26.758202461926146,-49.67654468711282,-1
68.05139466153824,-36.968505417568,-1
-36.65761540974566,17.57715306159639,-1
43.10855936237758,-41.76543336089649,-1
-11.619143726931497,70.8940155296331,1
-69.79523128615438,-89.09981085159853,-1
-49.35713730355824,36.04881065867596,1
7.2073074021683965,50.23493540686343,1
-45.896191377256045,-61.67164538860421,-1
17.63753537790231,-70.4909396672264,-1
-15.444198800752915,-41.40787219284816,-1
97.23438918044167,22.66390386479398,1
9.758952060152453,91.40015368724994,1
-5.103791977940617,-70.11468367362255,-1
-29.81879093902799,48.381214301388184,1
-44.54699188732849,-11.167353400196276,-1
-71.19791874164294,-81.32215988423519,-1
-22.5167522652508,-2.6793212894836245,-1
3.0041434234726125,-78.25246005409498,-1
56.93421802079831,-21.87065916681115,1
-1.3025992847955905,98.14888522814863,1
8.334294833266043,13.27072631253992,1
-30.03144472765591,18.01292625918076,1
-75.77537681010062,-16.109998368519356,-1
-15.054346336276026,-91.10277624006014,-1
32.267390432484774,83.69365408153027,1
69.81710510049683,3.772472679204995,1
-37.58222634588704,71.15374242187497,1
88.45218650829315,-10.860704897589741,1
24.02772908228097,57.26546897209664,1
38.91488691262995,-41.92177826867063,-1
-31.50976406290104,11.407750813786691,-1
1.4925837534148627,1.6432152250793024,1
-42.62168677719072,52.52450567026014,1
81.72023195389863,90.25614988864689,1
2.7866853758917784,7.676760080857221,1
74.40710886824266,9.200470456785041,1
36.420364415281625,79.58620524896261,1
-41.82865632100159,-16.59854598800139,-1
66.2473688696721,44.67594844492251,1
-98.49535931108102,15.610696220902227,-1
70.25559814230883,90.46749087503792,1
64.26716146485597,92.18921435407515,1
-69.18453849573018,-83.0665488225423,-1
-28.835000758978552,-13.908520295553544,-1
76.60777503414752,-58.466341092750106,-1
87.49520718391176,60.428725571999365,1
83.95033816157343,-24.840004033424663,1
-69.93385601430917,28.349393259159854,-1
-59.59294909206763,40.42474359316057,1
-51.09035448870684,-8.504711885717057,-1
48.317583081137684,66.01698470849325,1
-65.25480666643493,13.691991089412141,-1
-61.66026040487533,70.2953724799579,1
-72.36754154691849,-93.16826944170144,-1
54.474702587257724,-99.43302799028876,-1
37.56743084165933,51.910038553358845,1
67.13987317451156,40.707204618426715,1
53.4227295475099,-53.8290459098856,-1
85.50118618984737,21.5972346533471,1
-80.89838479758706,41.35195678428988,-1
83.09517567649257,28.55530464129569,1
-19.735100815489503,-57.34215518680552,-1
-57.0057905849362,-70.26139492730121,-1
-58.196539932081116,29.132400861529845,-1
-66.46705513494533,29.331774928976415,-1
67.11496433559012,-7.6521295727709315,1
-17.620850354583723,87.15018486154048,1
-22.436592178526865,9.918608737298868,-1
24.42460934599005,-38.90687445783956,-1
67.34523325146765,-7.794152898052985,1
61.99722356787649,2.280005965625449,1
-3.6142968823969994,21.140378903135584,1
37.62579792330001,-72.57478565253122,-1
-20.503167244712216,-99.73819183742145,-1
96.49628524522294,67.93738616329904,1
60.78094589505599,97.73508011208023,1
-99.37687489257117,-29.073476684858335,-1
87.02144197454592,-41.06928173400799,1
-27.699529644798687,-41.28780694698093,-1
65.42311018793342,38.653308501026714,1
22.85355068589685,25.050381813657225,1
-32.67496937794144,-2.489362811806444,-1
-23.76433527888824,-6.058422404957014,-1
-45.22613575489949,65.12360210261906,1
-51.62917965842626,-16.158826889410108,-1
-56.24709996394699,-21.59798802856463,-1
-52.83542177274177,85.38137485582362,1
21.802930544942683,99.64480850295524,1
-27.136147790300186,-33.7187993514098,-1
-88.65815213426222,-73.5055921038915,-1
-0.21751404968186705,14.815575249332014,1
-44.89021470105956,81.82322900136606,1
-73.97756810835538,-62.41625169546605,-1
87.6882097760884,-38.78501336327056,1
2.5411117029414214,-51.14205213304199,-1
81.48542341465182,-45.69054591386059,-1
33.12797721393869,43.44094723333066,1
43.775723092451784,-14.109666341759137,1
98.94230666675139,92.08361505403536,1
-49.536137536604464,1.509693553974543,-1
-87.61486570131605,3.1885738765531073,-1
-70.63242671908975,83.84980195864517,1
-96.7653268548054,-1.7006637066642156,-1
0.11437620971837248,12.855198882158831,1
-42.26393907994706,-19.314281998400574,-1
95.71069529060094,-95.00943140960413,-1
-38.42156732286015,-80.2503341950272,-1
-38.66324965938652,-67.47417725028609,-1
7.827337830759504,81.75689773770571,1
-71.60558706663333,-60.687882235946766,-1
-12.69649389205378,-73.73996824466178,-1
-86.13825749427282,-53.00693519558959,-1
20.833024443726345,43.85552775036018,1
-65.8623417429755,-70.08983527643922,-1
99.56116153725867,-12.836055358397559,1
-79.98604916124523,6.025346040124873,-1
-34.67348285638752,-17.637873959822087,-1
-29.804404059255603,-8.5922976520215,-1
83.87550745510478,8.968644789508033,1
61.27676522664217,8.824687946943556,1
51.055142963458735,98.079838883689,1
7.795591274214658,-64.76011678717879,-1
-17.919945184051244,78.7635223303489,1
-19.01291969234002,86.56484802781657,1
-67.18823174669438,43.5077671294749,1
40.79153156231925,23.218364129627076,1
24.45542729458849,-74.77167694398305,-1
39.87281339741102,11.326119136992617,1
3.86513079763003,-15.942763097654677,-1
75.7231009972738,18.709070463410796,1
14.79584572053642,-88.07876255508738,-1
-96.00038183070706,60.5748482827419,1
-5.1705797297652225,71.48046363977042,1
97.4510132744893,-58.89648145980677,-1
-58.63636454180885,73.61423465376365,1
66.68151080405664,47.60831171652504,1
16.192929817709526,20.40257084937282,1
-28.70820448448974,-69.51885884330284,-1
61.58596336650615,91.94771799932639,1
95.14349133472348,-96.70785160579179,-1
99.9737974887801,-9.0057624790105,1
-96.76857597842825,-54.402690797339105,-1
-2.427665318225934,93.90019435620101,1
25.328044176300295,7.210108573468574,1
74.06136046971409,68.23755201210747,1
-95.8562141915374,0.9365872284363519,-1
-77.2151021944659,-32.98310121929869,-1
26.544166150239334,-55.04306386870208,-1
46.04493702041651,82.5371940916028,1
69.85096105077687,-24.277703900496775,1
50.584338945334764,28.724487959961692,1
-27.328265484831277,48.2581105170114,1
57.4025907615904,50.19749254751608,1
-77.17062067126443,-77.99380826641398,-1
75.4347414339679,-29.678548100634487,1
65.64390803028726,3.3862416318290514,1
-71.58500442575183,-54.68992833744834,-1
11.032092381621709,-7.284582944491035,-1
-99.20899827078537,-11.820201122173302,-1
60.157458994159754,79.45633536530488,1
48.68116048107996,98.25286631205947,1
50.88220275429708,63.016758378094835,1
94.00839717040046,-31.094665357588866,1
-51.686285086330194,45.31944555991282,1
-81.77139709066215,-81.14171844224482,-1
2.0279219861094333,-1.8523991400238202,-1
-28.4374153329303,88.07587178673853,1
-36.56461135095517,3.4763387026686132,-1
-6.041409674147232,-72.65917786819911,-1
56.0868808921478,-92.07558457554579,-1
37.401575709907945,56.96658155711529,1
31.8755161336108,82.21986848332784,1
29.446204927607653,-22.496377366967877,-1
-47.97962099240114,56.252099749563456,1
49.117271646432556,-21.06021452479014,1
-34.506080942862894,22.651536989656123,1
-42.352430917714926,49.867086569187364,1
-60.903895053826254,-60.80037846636599,-1
-41.41211026124709,94.49547434220594,1
-94.50704593460253,34.9460044815425,-1
-64.58297842496452,62.45356716795766,1
49.21427149361756,-96.86734125320217,-1
15.395207322098429,94.7975993419231,1
58.168921978667925,40.52178255991606,1
-50.869895900161666,-43.54867088416028,-1
-76.41834314389834,-6.395277334884383,-1
-15.248546792342026,-66.93452656692523,-1
0.6337036530449183,76.58772386718951,1
79.18497723036634,-53.346733339363375,-1
38.699600575860956,8.9412459731371,1
-46.36748759775659,75.05977181760272,1
-19.513590032671743,-73.15235395462679,-1
6.41694361609801,34.37222882042943,1
13.530557858652514,48.474881930459304,1
-96.48988563693639,-75.54341127313435,-1
-69.24939739760387,6.450791644142484,-1
-94.09225325568113,-69.31223256163052,-1
-60.17110040944122,8.591128092994694,-1
-21.009132501074546,-15.476799038064655,-1
-4.636739157086851,57.39923472885343,1
96.58202836252224,-45.95796552040814,1
30.371958481913993,99.8836971620814,1
-61.847823522422196,-3.3147103568659446,-1
-42.72023896910384,-71.29504124922646,-1
77.26715280000064,35.67813570942096,1
55.88386233231404,-51.10125010687128,-1
-0.8361403135275935,37.064057660097006,1
-23.785455900983422,-14.486220036439207,-1
95.37152614353838,-74.99172464083448,-1
23.051879352220993,78.39855756454713,1
-60.961713379279914,-15.152728723900694,-1
-97.83026441253486,-73.32421047851008,-1
-17.468587429581433,80.78945007760535,1
-89.14386052908048,-32.52974880054566,-1
70.3183715943158,63.830512213801285,1
86.8330733140319,1.8324880817350646,1
25.283993096869665,-29.113130710708532,-1
-53.214447601056555,95.75597118323171,1
79.03861014735475,-58.54084536642616,-1
-4.860277616996029,22.57079738933365,1
-86.46957934422468,98.9340507434911,1
17.543745336811583,-12.616237695902981,-1
63.21203187177508,-44.86258626149555,-1
2.451736560996025,-3.6065154689055987,-1
-15.3079825000259,-9.442563978369506,-1
9.05603200385066,-64.87146902485487,-1
55.62704965018804,5.36145612578531,1
-77.9350829093331,4.597003159858886,-1
-18.68376524204824,-42.866203036871674,-1
-99.68424160216856,12.455168096147062,-1
-5.15084247196522,34.12690377906716,1
-57.83363729109132,67.9647099145179,1
33.35040357005332,-90.53755308895073,-1
67.96645830582804,-11.282375783465397,1
-14.647251099336401,-19.82141447288342,-1
1.3030156160670714,98.88613235792099,1
5.1161992990357135,-84.28529675137757,-1
50.32139784636661,-60.802377426565116,-1
-99.78319932372735,-95.25305224528746,-1
95.0772630517072,-61.861943030806565,-1
95.19774967098186,-73.28642146590147,-1
1.0479449737350421,-88.7958744796752,-1
-13.939141087029967,52.51380174532878,1
38.49439444513209,-96.13675840624283,-1
-58.13832356097217,-44.24961123300739,-1
69.55190147929522,-81.31347440393131,-1
-73.17602680922231,-51.067539313763376,-1
-77.74222387961338,-12.688285579138523,-1
7.629636618918667,-57.23874426884245,-1
47.8969531238059,3.5449193564413264,1
-47.849368992953266,-73.65855506942162,-1
-12.4710199316537,26.821104594868572,1
-10.377259603914737,-12.01396166442386,-1
-38.38217970912021,85.8654560859994,1
87.71405436061735,99.27683708442424,1
-48.18777518533044,-74.81789956773378,-1
30.634583040311696,-9.080254131068031,1
-42.38765881843803,-68.30079979983736,-1
96.10946765975288,-75.1246974577036,-1
38.92956308664154,50.197628046787145,1
88.74401312384703,19.209267176450822,1
33.4529284497512,27.514785998661793,1
-86.62300990394833,13.386221157923558,-1
-44.02871101311272,98.57764803706365,1
41.6289272123185,-80.05595796394967,-1
85.13952905275522,29.97489095412692,1
-67.69880396042736,23.935003802231677,-1
62.4124234965293,-98.73111067144565,-1
-70.50503711796672,3.4085722908208282,-1
-8.3607982767236,36.79905282664632,1
62.72772928024685,-84.28690273605375,-1
43.07963263853037,61.62761637099257,1
-78.30585285972087,-73.282905953159,-1
83.42622754004799,-21.959432106449597,1
16.347340709721706,-81.80823560639894,-1
-40.73675453118242,83.69723487374318,1
76.55946285297998,-72.30318958874709,-1
20.51503000575019,-27.16575556831802,-1
55.36066002635684,-83.84866438980485,-1
-18.496881273489166,65.25875186368282,1
-18.90144740082178,5.242178104038288,-1
-11.660316437470826,-83.78790968071462,-1
-4.370007855122267,4.56032944287243,1
-17.457198807514686,-57.21215150947565,-1
-63.98596794230163,-67.23632458262796,-1
16.995849410175268,-23.270052293470428,-1
-49.47299054021394,-35.75516022631517,-1
81.45656987963491,89.40716507720478,1
-58.28563616834326,-90.82553704033533,-1
-38.826736392118974,48.936458857907525,1
-47.80454778392205,-56.034225345861024,-1
51.55932714957311,58.47942561172306,1
-67.44966600843568,72.93128829551861,1
-91.30230149483639,-55.71903577241022,-1
51.07690880852044,-81.59337227569641,-1
52.397809029091775,10.803996797960664,1
-43.56235653877456,49.80565961532358,1
-82.44250468690673,40.91305641126445,-1
2.16122481423038,-96.9965386532252,-1
8.425714878728655,-77.41153581377931,-1
-64.41243867278703,-26.015687176795495,-1
-82.59402881330963,71.01984405596264,1
46.77965660618045,15.341013271367103,1
33.76799049283139,4.086271085130292,1
87.23497505150695,-2.733548676381801,1
-30.31335468068626,34.50278820790027,1
-51.745133655959144,-88.25219256433738,-1
90.11611110470531,-91.35283712767864,-1
3.207863430343366,72.82400946762573,1
-41.68840103575031,-62.40641132032967,-1
38.61275823294227,69.64416282870744,1
93.45858182922612,-70.2319666097778,-1
70.60233374539271,-64.6967517190968,-1
-42.110275816110466,-96.12975188666013,-1
89.65415633660592,85.35808033669221,1
-17.417476622007328,14.891310178845131,1
55.326296135962,22.067948422999578,1
44.50205199646325,-50.72643308591977,-1
94.26039029694374,-0.6324735753257897,1
-31.04953455685147,-31.841160981354392,-1
-90.78761376766182,70.90998386860736,1
-62.08214967911725,35.18581648569773,1
-2.383052695353811,-13.633827439362008,-1
20.974544651288923,4.735665849421949,1
54.481857079927636,84.53120582007327,1
61.17737608187136,50.55680053095401,1
93.98421175636778,-97.13475334267463,-1
-25.936304775018698,-30.664315503174834,-1
-90.28234089006439,-24.809175215392514,-1
-67.0432362686405,41.07674468101473,1
-81.74472529727186,-65.17728944663563,-1
-12.350488548071198,0.10346544719672579,-1
84.00355687752847,-54.96919759230545,-1
-55.76016255312921,-18.137870279141026,-1
-17.005079183087474,69.58162847934423,1
-70.3080944964748,53.509648540981516,1
-15.335008337525252,-74.11736158298277,-1
-64.52489112936843,-45.649811877771775,-1
7.117666236973719,-20.348937577193098,-1
-99.85158590691545,50.53888291663114,-1
-91.56920529932411,-56.55816083995542,-1
62.18375521077374,-66.25122150318568,-1
58.50746822648691,-39.85307596845482,-1
92.7194920729078,14.504083525091318,1
-94.07719623914079,-49.171102925427455,-1
-53.6368118374547,13.883490858219915,-1
-91.43950227843132,68.89583846712571,1
77.36323184900567,-91.83145162941115,-1
67.74879146472847,-93.83871604249228,-1
16.9867980737491,7.993420236314549,1
-21.27717235782937,-94.02250072153092,-1
-96.0638432691842,-30.12380248116419,-1
71.63545742398517,-6.827305117988544,1
-31.183997123933224,-64.44738953656066,-1
28.861318324997683,-38.44208434096863,-1
94.93472228897289,-31.715345397567617,1
-32.789788036023054,37.44148623627618,1
-3.1952215233598196,36.81165796546475,1
10.428614134154785,-37.09052307989773,-1
19.44797885636676,-66.81588832306582,-1
-97.8458320078055,-60.75097140828023,-1
-58.766001928907016,-62.701933220253835,-1
79.85044606517059,42.511004295292906,1
83.58196833769404,15.621419128705028,1
-80.85536497130866,-69.16784365387244,-1
-67.27458996401302,-63.55722109612281,-1
-44.546553742123265,-90.19335654888808,-1
-59.480288916601,-52.08712443283474,-1
-31.29772397484183,12.143901600213852,-1
75.68915827245942,92.49674744475064,1
63.77064384288161,-73.10361091840124,-1
-42.16039772220943,98.7259234828478,1
98.77415364524066,-99.46563215169452,-1
18.1185062136842,26.875075120182856,1
8.925040977025418,5.834983611414501,1
-25.311334944237785,-79.14123314128567,-1
75.46292233655606,63.19360494234482,1
53.4587438401561,-68.64945308434432,-1
-26.117583645509313,-28.50332876420299,-1
-82.55506362215739,68.600057333633,1
-8.51878611285322,-35.27878326088738,-1
83.00622672843852,-45.66746714493291,-1
1.8438349899676751,83.53664830095934,1
-5.223123776391986,-58.52517169436919,-1
-45.86741327293773,-35.965389084989695,-1
-16.697821814247078,-48.32369498436837,-1
39.026447393428384,-8.332774285783984,1
-42.92932075098046,-66.44894777752978,-1
-8.161117306000392,97.99055811581707,1
-33.207411141523124,77.31970265864749,1
34.00022697628509,-24.33213019607254,-1
2.4065668120011594,-48.74023567072769,-1
-10.970716790915475,64.1931587367877,1
6.361137474388116,42.67199361859173,1
55.96205847304074,89.90565394967533,1
41.220808122770876,63.297086660380046,1
18.107978744725273,97.51182123882919,1
36.16407517856524,-84.5133957774145,-1
-17.954622160615187,-30.220452061188155,-1
-96.15797757729739,1.7777337824960995,-1
14.646214947713474,31.458114548339353,1
89.76554568391728,85.78619710758565,1
49.970437248198664,62.440330331213374,1
96.37401324077771,-95.51474597841181,-1
94.31409405411145,-66.8986295970337,-1
84.13742595487733,53.47620847357385,1
-42.674174165757805,11.576062294584702,-1
-5.049330327454001,-12.148834617647395,-1
-14.626279784216024,-12.276254845730577,-1
-69.47096700574335,-73.77043061744024,-1
-35.32699933685177,-44.15324498655746,-1
52.49496532121597,-52.48375374658381,-1
-7.25373212485303,-17.42095717886272,-1
20.99480520744379,-35.1769084616234,-1
70.02382360883874,-99.86703607773752,-1
36.34806756459477,-97.37290297443997,-1
-65.22042421434483,-22.077376123857988,-1
99.16989434208182,11.647571696341785,1
-26.931290243426773,-83.88055109420407,-1
-41.906753734617986,83.69431916809484,1
55.48833726797494,-47.348602528853824,-1
79.56326913339308,-17.21041599551583,1
-5.248561396933923,43.64690168771287,1
54.736296705287344,-60.23876346299466,-1
27.18607540533769,55.51760431580311,1
62.805827629409066,-13.557280273132676,1
91.68845982643163,53.05325705240645,1
-70.22876437594532,67.49518232976828,1
-69.90253218946603,-75.4238488140879,-1
-80.94134366023648,47.729030078113254,1
89.19384401869942,45.275550815433746,1
85.20881812626226,-62.6634189658992,-1
45.612335703681566,94.65892553727846,1
93.0843497328737,-24.597752951452506,1
-77.4597687853738,77.92274986579986,1
71.86008482917768,42.1687752995407,1
-94.33103913081634,-82.74637378841246,-1
-4.241465227974899,28.280282343397886,1
-15.623554746484913,45.47325342278353,1
-90.29610048024715,88.05497087894273,1
-68.32322212767971,-66.9188688116364,-1
-72.1615564887399,7.87633971172292,-1
36.626061360610464,-67.64074728280053,-1
17.180221213946226,92.09347213932156,1
16.410463951628458,92.97228349920098,1
83.63282189757663,-68.82880415444852,-1
51.649242147329545,3.4163840475401486,1
96.86933875113971,69.69905704724536,1
-54.81849407596804,-16.055948792436254,-1
-48.614650589911015,42.58171310272226,1
95.25924270179382,-92.5839492641828,-1
-90.31572497704225,-82.13511648242766,-1
-61.49391004739704,-66.68610925724147,-1
-12.27886081747836,50.71588460684285,1
25.527735774591292,38.740836080359884,1
-76.59258950619179,9.489141339979284,-1
22.21835119005337,44.13064294580627,1
84.58134616332356,43.2357266984576,1
59.16122904901931,26.643559019729054,1
71.00786661080346,72.1097163311957,1
-76.02123638242979,72.82277042204112,1
14.520657739905872,42.84652128395092,1
-58.999227298323696,-28.370533649569055,-1
-11.361116580017324,14.18889239014132,1
-44.31956179374197,-8.580803955513588,-1
-91.99559538235475,-21.13739549294114,-1
87.0971740252599,-30.962435008880362,1
-34.32611456668755,53.94384731795077,1
78.15853794043423,-94.47342170701025,-1
48.865032664510636,-32.29679458547368,-1
-78.26532905486766,-81.85610090279451,-1
18.964792304933468,95.52694103193207,1
-45.31643926630782,-3.768040383428257,-1
-73.22455930720582,-24.74572759755715,-1
43.648821973753144,13.266691423358012,1
-96.30881052878708,92.04160149541681,1
1.216242903184181,-29.600676154531584,-1
-52.274640630054535,-6.683616635566253,-1
21.83395843291285,33.519567441029096,1
62.64854754016818,68.39484972248471,1
31.887960483377753,-25.54691040192371,-1
-23.008239199423343,-89.16585870906901,-1
75.73450934537112,-20.13207535182559,1
49.31756285624306,22.893347267770878,1
99.54318467730789,-2.519483866640911,1
-31.201032127863314,-85.11105855411472,-1
93.41148483085502,-37.986097232187575,1
-94.59130204299339,26.94295793440564,-1
-12.840375130104988,64.63499919284851,1
-70.06551850709096,-25.94048889679479,-1
-80.32549164412062,31.619257340583857,-1
11.387172964914555,76.44412639271539,1
-14.637347713078782,-90.96157742109523,-1
-31.788542460174526,19.97025950141284,1
-39.106570145738814,-22.42741049073436,-1
-36.369610277254964,0.29998499543830803,-1
34.422729341180286,-57.9804535932037,-1
-49.80174284595429,66.66342500155187,1
-98.5941511221522,-38.429209456304235,-1
-33.50898307103766,45.27427198241608,1
-22.939277107110684,-82.18311580273014,-1
54.21458772618951,-34.257154939668325,-1
-6.625320510772781,61.09702805516204,1
66.7389966592196,-25.390132705604373,1
29.502822707383444,89.40548695366303,1
-87.367805543789,56.76397873223627,1
-99.48114024460159,-42.02025211455327,-1
38.86072776387286,79.99758715800633,1
-18.458460161155216,-40.80415594643014,-1
29.007578772173673,-60.57421462891508,-1
-47.959319247489375,-12.265163877726849,-1
42.67240134559816,-51.48684790177678,-1
-55.40994912225812,-76.44962385348921,-1
43.414276007038325,-44.89265623394332,-1
12.180531365497416,2.386854171924483,1
-19.710423816288042,-33.53183878850939,-1
65.28217388542942,-94.69179507038645,-1
-76.4053832026134,89.35032021133509,1
95.90183876951241,1.9298392422213198,1
-27.85722510487409,-40.44076255873408,-1
-10.095433523643464,-56.54945430324323,-1
-29.436493389107625,-43.29297233578413,-1
61.0718727056462,-13.236371910442045,1
33.75641358711604,-4.490896043792006,1
-86.77111704631918,4.558695070949398,-1
-44.13770108232497,91.68334689795176,1
12.839546341835145,-77.12057271189927,-1
11.17124171859345,61.38992205331141,1
-87.47704216205057,-84.73273894036504,-1
-93.48660173517298,63.03165895568327,1
-49.885827308951214,-55.01240892296568,-1
-64.70200016316866,26.427132487276467,-1
-8.890049393493115,89.56871736094425,1
-65.44823181943346,93.10987482646962,1
18.09981028400864,-20.62260443113948,-1
-17.16550543369577,23.604220959704918,1
-62.06147862981586,33.85213276843061,1
-41.89277808334517,-90.18440671717181,-1
89.9383077755877,-62.3763606667497,-1
-38.94317718508022,-73.03722313559122,-1
24.77881266563311,14.8926129424529,1
52.47970887624234,-11.071611297155641,1
77.92828056006832,81.42270641325808,1
90.76681350828358,-15.690059608331978,1
-20.69585686196295,22.460684504799673,1
-32.8999499887596,70.47596340007445,1
89.66593849115125,3.624789636090213,1
41.49986800319431,-10.713271571910525,1
-30.051910570941786,87.513271886484,1
48.1325768683387,52.67917439340047,1
-79.26596887932884,-38.04003317048379,-1
-85.52606807930962,39.890569408823126,-1
-68.84872317922104,-3.800854155334406,-1
-96.29226897037348,-38.4276605096169,-1
-17.996347519417583,-7.84026410777976,-1
87.3619673583199,44.92008441663526,1
67.35327283363608,42.65426317179123,1
-3.622224874225026,-92.92609269806181,-1
66.58770791759167,-16.293465886336847,1
-59.89938171337981,-27.101543170323623,-1
81.18736594179919,75.86065966906347,1
-69.98985983395713,-82.19075022038398,-1
-92.33571053409109,-60.06809841228804,-1
55.756693555369196,-83.94208474692462,-1
71.68413623056435,-18.774424032380082,1
32.322099749660424,75.36474967080358,1
-26.698027164958532,81.98534497349692,1
77.14296031231581,72.3133509775821,1
86.29419469186891,10.90956966813657,1
43.576640494229736,36.160395623405975,1
53.14014290536494,-21.17083149374983,1
45.51093915839061,48.94951269513189,1
34.86651763262313,-97.81931702967654,-1
-69.79180465443753,-7.511067601030902,-1
24.48735506642896,-79.19398965559253,-1
75.43660297610299,39.07159000797799,1
-11.944443558758124,-74.79844431445504,-1
-67.54754776187877,-33.62035425461171,-1
-48.12659756969773,79.41673228720279,1
-77.50983259220337,-43.34223836233444,-1
-11.810915805679386,-1.40280949479137,-1
41.76731166327485,48.43143186378188,1
-21.296334556374248,17.788877105505946,1
63.901811797153016,-58.26223593896713,-1
70.6914010480607,79.79112750036575,1
-27.846013960124495,-45.145347216416184,-1
-81.93792746664653,-39.45743157062547,-1
37.707875715848274,53.95377529588086,1
-27.849724812307187,-31.75564633254946,-1
1.442709512478629,-12.524391306010557,-1
53.71509506778338,39.15161808882348,1
-78.1240474999633,-74.0318568306202,-1
56.84675344340613,-92.88374531505595,-1
68.1056532216073,-44.35520082498849,-1
87.5968864270796,19.459926588970006,1
94.05947194325995,-10.32072326664013,1
-34.63198951194788,-68.96513080028217,-1
-89.9522476051934,52.99808663091895,1
61.27154600991554,-4.671568886752198,1
-16.787077658060127,10.697619008561716,1
85.96753270134391,-66.32277983886941,-1
-19.39207239934484,10.228342160174492,-1
75.13040915828327,73.74244533173615,1
-81.27531653616754,74.99550152844446,1
-28.05229118851929,76.79610951831404,1
20.00733351747624,80.14595863855186,1
-20.489041433000097,63.58116638937926,1
5.432230044289028,36.6978145771277,1
88.84741501849092,-39.314636402343226,1
-33.02765921243922,-58.50873731844472,-1
-61.70825168593832,77.64788145272686,1
-67.57089436823895,78.68662225443518,1
-38.76169863312442,76.62766750887883,1
34.35672722538732,-31.45378582563343,-1
90.74398248444925,-79.38083460778371,-1
21.946993146882065,-99.63652032065562,-1
-74.6347330141044,57.71390892195589,1
-39.09737037028318,23.536608377327426,1
95.7476399740224,54.36147799892049,1
-26.843397192519376,69.01061395258557,1
60.50513320160647,25.473301763254682,1
-41.77906705571645,83.89821523249233,1
13.73622867239736,-1.0666693692702864,1
-27.284011288242255,65.4823058111867,1
94.7512770186799,61.954389949542076,1
39.871696586561654,-79.95771950170491,-1
-86.68373587695706,87.91442519802234,1
-27.07996378384621,5.7780930663825245,-1
8.489260135296675,-20.919629870555994,-1
-84.36004749031554,-62.66933702332496,-1
40.3968710814232,-58.58961912494929,-1
-78.79121344714048,-62.02361304551347,-1
19.461531202032205,-15.418108405681537,-1
-22.583269886122423,-85.93151828415289,-1
1.5789532905968144,-28.712355429770682,-1
